{"experiment_params": {"transform": {"resize_dim": 256, "crop_dim": 224}, "train": {"shuffle_data": true, "batch_size": 64, "val_split_method": "fixed-split", "k": 3, "val_percentage": 20, "loss": "l1", "epoch_interval": 10, "num_epochs": 150}, "model": {"name": "conv_net", "optimizer": "Adam", "lr": 8e-05, "weight_decay": 1e-07, "amsgrad": true, "momentum": 0.9}, "test_model": false}, "results": {"valloss": 0.06843085823059082, "trloss": 0.04352375804781914, "trlosshistory": [0.13492484390735626, 0.10723814368247986, 0.10284824669361115, 0.10124464333057404, 0.10018038004636765, 0.09925436228513718, 0.09837004542350769, 0.0974758043885231, 0.09638570249080658, 0.09514723718166351, 0.09382832795381546, 0.0926443561911583, 0.09183628857135773, 0.0910259559750557, 0.0904397964477539, 0.08992180228233337, 0.08944490551948547, 0.08879195898771286, 0.08828579634428024, 0.08801954239606857, 0.08735412359237671, 0.08702914416790009, 0.08641592413187027, 0.08628944307565689, 0.08613944798707962, 0.08542286604642868, 0.08472470939159393, 0.08396963030099869, 0.08304564654827118, 0.08290648460388184, 0.0829632431268692, 0.08201782405376434, 0.08144128322601318, 0.0810956135392189, 0.08037608861923218, 0.07951656728982925, 0.07891066372394562, 0.07830280065536499, 0.07785867154598236, 0.07739471644163132, 0.07578428834676743, 0.07612133026123047, 0.07490093261003494, 0.07482370734214783, 0.07451389729976654, 0.07237926870584488, 0.07297142595052719, 0.07113136351108551, 0.0725456029176712, 0.07118266075849533, 0.0725037008523941, 0.07059519737958908, 0.06942927837371826, 0.06816671788692474, 0.067352294921875, 0.06728533655405045, 0.06640546768903732, 0.06675788015127182, 0.06657610833644867, 0.06660604476928711, 0.06549050658941269, 0.06443344056606293, 0.06506558507680893, 0.0643584281206131, 0.06313116103410721, 0.06277991086244583, 0.06221747398376465, 0.06249534338712692, 0.06120232492685318, 0.06104354187846184, 0.06060898303985596, 0.06030343100428581, 0.05993364006280899, 0.05990408733487129, 0.060070209205150604, 0.059652846306562424, 0.05892643332481384, 0.059115078300237656, 0.058415040373802185, 0.05780670419335365, 0.05778631195425987, 0.05783506855368614, 0.05722053721547127, 0.05754869431257248, 0.055889617651700974, 0.05680558457970619, 0.056514691561460495, 0.055443570017814636, 0.05500900372862816, 0.05526824668049812, 0.05384805053472519, 0.05495288595557213, 0.05487032234668732, 0.05330353602766991, 0.053377654403448105, 0.05315658822655678, 0.052104413509368896, 0.05272027477622032, 0.051779020577669144, 0.051980890333652496, 0.05230940878391266, 0.05230441316962242, 0.05116426199674606, 0.05115163326263428, 0.05036741495132446, 0.05159194767475128, 0.05009998381137848, 0.050923217087984085, 0.04938912019133568, 0.04953472688794136, 0.049300674349069595, 0.04807314649224281, 0.048357412219047546, 0.048996515572071075, 0.047338251024484634, 0.04722556471824646, 0.046358536928892136, 0.04752490669488907, 0.04774559289216995, 0.04792796075344086, 0.04749042168259621, 0.047524694353342056, 0.04606661573052406, 0.04551767185330391, 0.04625878110527992, 0.04554902762174606, 0.04522080719470978, 0.04491284862160683, 0.04414894059300423, 0.0440073199570179, 0.04342600703239441, 0.04315702244639397, 0.04384704679250717, 0.04322711378335953, 0.04301700368523598, 0.04328006133437157, 0.04307091236114502, 0.04369845613837242, 0.04219778999686241, 0.04181956127285957, 0.042898569256067276, 0.041415706276893616, 0.041951365768909454, 0.042635489255189896, 0.04214895889163017, 0.04326733201742172, 0.0420701801776886, 0.04173976555466652, 0.041248176246881485, 0.04052530974149704, 0.0834302231669426, 0.07761964946985245, 0.07664033025503159, 0.07594861835241318, 0.07536372542381287, 0.07495664060115814, 0.07457465678453445, 0.07409119606018066, 0.07356105744838715, 0.07298621535301208, 0.07219067215919495, 0.07110890746116638, 0.06996559351682663, 0.06868524849414825, 0.06742923706769943, 0.06643865257501602, 0.06534337997436523, 0.06443649530410767, 0.0636916309595108, 0.06293845921754837, 0.06227056309580803, 0.06166937202215195, 0.061132993549108505, 0.060433756560087204, 0.06000397726893425, 0.05943122133612633, 0.0589849129319191, 0.058403778821229935, 0.05801588296890259, 0.057539038360118866, 0.057012736797332764, 0.05673081427812576, 0.05642952769994736, 0.056036870926618576, 0.05571943521499634, 0.05528857931494713, 0.05481891706585884, 0.05469493567943573, 0.054467037320137024, 0.054090466350317, 0.05380483344197273, 0.05349017307162285, 0.053183652460575104, 0.052895437926054, 0.05263664573431015, 0.05236383154988289, 0.05217629671096802, 0.05212023854255676, 0.05177360773086548, 0.05153704807162285, 0.05135606601834297, 0.051195040345191956, 0.05092773586511612, 0.050681356340646744, 0.050351716578006744, 0.05021399259567261, 0.05012868717312813, 0.04982135072350502, 0.049707867205142975, 0.049604956060647964, 0.04938244819641113, 0.049264971166849136, 0.049155235290527344, 0.04889533296227455, 0.04873470962047577, 0.04859919846057892, 0.04847622662782669, 0.04836653172969818, 0.0483117438852787, 0.04797917231917381, 0.0479472391307354, 0.04777752608060837, 0.047740038484334946, 0.04742006957530975, 0.04746278002858162, 0.047162603586912155, 0.04712141677737236, 0.046960726380348206, 0.04692254588007927, 0.0467282235622406, 0.04667460545897484, 0.046504907310009, 0.046340491622686386, 0.04628947377204895, 0.046090018004179, 0.04615679010748863, 0.04602796956896782, 0.045794762670993805, 0.04571683332324028, 0.04571901261806488, 0.045683253556489944, 0.04545438289642334, 0.04521267116069794, 0.04523272439837456, 0.045276425778865814, 0.0451824776828289, 0.0451032891869545, 0.044979922473430634, 0.04491434246301651, 0.04479308798909187, 0.04455963149666786, 0.04459018632769585, 0.044480036944150925, 0.04447224736213684, 0.044444844126701355, 0.04440389573574066, 0.044355422258377075, 0.04420791193842888, 0.04398487135767937, 0.04396825283765793, 0.04403268173336983, 0.043932851403951645, 0.04382714256644249, 0.043820708990097046, 0.04362977668642998, 0.04343297705054283, 0.043498918414115906, 0.04351869598031044, 0.043266091495752335, 0.04321245849132538, 0.043175119906663895, 0.04856158047914505, 0.047707267105579376, 0.04736977815628052, 0.0471167154610157, 0.04677775129675865, 0.04632658511400223, 0.04624134302139282, 0.045892566442489624, 0.045711226761341095, 0.0454806350171566, 0.045405011624097824, 0.045217033475637436, 0.04519712179899216, 0.045101676136255264, 0.044849321246147156, 0.044721417129039764, 0.0446479506790638, 0.04469335824251175, 0.04442739859223366, 0.04421341046690941, 0.044238682836294174, 0.0439755879342556, 0.04397709295153618, 0.04392698407173157, 0.043767090886831284, 0.043650202453136444, 0.04356277361512184, 0.04347063601016998, 0.04352375864982605],